{"cameraMode":{"drawMode":0,"name":"Shaded","section":"Shading Mode"},"sceneLighting":true,"audioPlay":false,"sceneViewState":{"showFog":true,"showMaterialUpdate":false,"showSkybox":true,"showFlares":true,"showImageEffects":true,"showParticleSystems":true},"in2DMode":false,"pivot":{"x":-10.999643325805664,"y":-8.080192565917969,"z":106.70360565185547},"rotation":{"x":-0.31740716099739077,"y":0.12244130671024323,"z":-0.041380345821380618,"w":-0.9395097494125366},"size":140.86912536621095,"orthographic":false}